{
  "date": "2021-10-19T01:02:20.158Z",
  "title": "Dica: 5 Looks Infalíveis para Fazer com \"Camiseta Branca\"",
  "thumbnail": "/img/uploads/estilo.png",
  "description": "Vamos apresentar 5 looks infalíveis pra fazer com camiseta branca, se ligue nas dicas!",
  "body": "![Estilo Masculino](/img/uploads/01.jpg)\n\n![](/img/uploads/02.jpg)\n\n![](/img/uploads/03.jpg)\n\n![](/img/uploads/04.jpg)\n\n![](/img/uploads/05.jpg)\n\n![](/img/uploads/06.jpg)\n\n\n\n```\n\n```",
  "meta_title": "5 Looks com Camiseta Branca",
  "meta_description": "5 Looks com Camiseta Branca",
  "sections": [
    {
      "type": "blog-post",
      "enabled": true
    },
    {
      "type": "collection-shelf",
      "shuffle": true,
      "limit": 12,
      "page": 1,
      "collection_id": "616d8f224fba180e9dc49a1f:categories:MODA MASCULINA:/moda-masculina",
      "sort": null,
      "title": "Nossas Camisetas Brancas"
    }
  ]
}