{
  "marketing_stripe": {
    "text": "Sejam bem vindos ao nosso site!",
    "link": "",
    "background": "#021e2f",
    "color": "#ffffff"
  },
  "contacts_stripe": {
    "pages": [
      {
        "title": "Blog - Dicas e Informações",
        "link": "https://www.uaidemais.com.br/blog"
      },
      {
        "title": "Atendimento",
        "link": "https://www.uaidemais.com.br/pages/contato"
      }
    ],
    "phone_wpp": true,
    "socials": true
  },
  "categories_list": {
    "featured": [],
    "random": 6,
    "full_width": true
  },
  "search_input": true
}