{
  "meta_title": "",
  "meta_description": "",
  "sections": [
    {
      "type": "info-bar",
      "enabled": false
    },
    {
      "type": "banner-slider",
      "autoplay": 6000,
      "slides": [
        {
          "img": "/img/uploads/moda-feminina.png",
          "alt": "Banner sample two",
          "start": "2021-10-06T18:48:55.634Z",
          "end": "2021-12-31T18:46:38.252Z",
          "link": "/moda-feminina",
          "mobile_img": "/img/uploads/2.png"
        },
        {
          "start": "2021-10-17T19:06:15.251Z",
          "end": "2021-12-31T19:06:15.312Z",
          "img": "/img/uploads/moda-feminina-1-.png",
          "mobile_img": "/img/uploads/0001-10523031301.webp",
          "link": "/moda-masculina",
          "alt": "Banner sample two"
        }
      ]
    },
    {
      "type": "collection-shelf",
      "shuffle": true,
      "collection_id": null,
      "limit": 12,
      "page": 1,
      "sort": "slug",
      "title": "Os Preferidos!"
    },
    {
      "type": "collection-shelf",
      "shuffle": true,
      "limit": 12,
      "page": 1,
      "collection_id": "615dfc2e28ace502ae97ca47:categories:Eletrônicos:/eletronicos",
      "sort": "news",
      "title": "As Novidades!",
      "headless": false
    },
    {
      "type": "collection-shelf",
      "shuffle": true,
      "limit": 12,
      "page": 1,
      "collection_id": null,
      "sort": "offers",
      "title": "Grandes Ofertas!"
    }
  ]
}